<?xml version="1.0" encoding="UTF-8" standalone="yes"?>
<addon id="plugin.video.tugafree" name="Tugafree" version="0.0.4" provider-name="secret">
	<requires>
    <import addon="xbmc.python" version="2.1.0"/>
	<import addon="script.module.beautifulsoup" version="3.2.1"/>
  </requires>
  <extension point="xbmc.python.pluginsource" library="addon.py">
    <provides>video</provides>
  </extension>
  <extension point="xbmc.addon.metadata">
    <language>Pt</language>
    <platform>all</platform>
    <summary lang="en">acabou</summary>
    <description lang="en">foi bom obrigado</description>
    <broken>addon passou a off</broken>
<platform>all</platform>
  </extension>
</addon>
